Team,Active Players,Age,Pos.,Status,Base Salary,Payroll %,Country
Arizona Diamondbacks,Madison Bumgarner,31,SP,Vet,"$19,000,000",15.35,
Arizona Diamondbacks,Kole Calhoun,33,RF,Vet,"$8,000,000",8.77,
Arizona Diamondbacks,David Peralta,33,LF,Vet,"$7,500,000",8.22,Venezuela
Arizona Diamondbacks,Ketel Marte,27,CF,Arb 3,"$6,000,000",6.58,Dominican Republic
Arizona Diamondbacks,Merrill Kelly,32,SP,Pre-Arb,"$4,250,000",4.66,
Arizona Diamondbacks,Luke Weaver,27,SP,Arb 1,"$1,950,000",2.14,
Arizona Diamondbacks,Tyler Clippard,36,RP,Vet,"$1,750,000",1.92,
Arizona Diamondbacks,Carson Kelly,26,C,Arb 1,"$1,700,000",1.86,
Arizona Diamondbacks,Caleb Smith,29,SP,Arb 1,"$1,386,240",1.52,
Arizona Diamondbacks,Christian Walker,30,1B,Pre-Arb,"$619,300",0.68,
Arizona Diamondbacks,Zac Gallen,25,SP,Pre-Arb,"$607,500",0.67,
Arizona Diamondbacks,Pavin Smith,25,RF,Pre-Arb,"$586,600",0.64,
Arizona Diamondbacks,Josh Rojas,27,SS,Pre-Arb,"$582,400",0.64,
Arizona Diamondbacks,J.B. Wendelken,28,RP,Pre-Arb,"$580,500",0.64,
Arizona Diamondbacks,Taylor Widener,26,SP,Pre-Arb,"$583,400",0.61,
Arizona Diamondbacks,Josh VanMeter,26,2B,Pre-Arb,"$583,400",0.54,
Arizona Diamondbacks,Joe Mantiply,30,RP,Pre-Arb,"$570,500",0.47,
Arizona Diamondbacks,Daulton Varsho,24,CF,Pre-Arb,"$570,500",0.44,
Arizona Diamondbacks,Noe Ramirez,31,RP,Arb 1,"$570,500",0.36,
Arizona Diamondbacks,Brett de Geus,23,RP,Pre-Arb,"$570,500",0.33,
Arizona Diamondbacks,Humberto Castellanos,23,RP,Pre-Arb,"$570,500",0.24,Mexico
Arizona Diamondbacks,Sean Poppen,27,RP,Pre-Arb,"$570,500",0.16,
Arizona Diamondbacks,Jake McCarthy,23,OF,Pre-Arb,"$570,500",0.12,
Arizona Diamondbacks,Ildemaro Vargas,29,2B,Pre-Arb,"$570,500",0.10,Venezuela
Arizona Diamondbacks,Henry Ramos,29,OF,Pre-Arb,"$570,500",0.09,Puerto Rico
Arizona Diamondbacks,Humberto Mejia,24,SP,Pre-Arb,"$570,500",0.07,Panama
Arizona Diamondbacks,Luis Frias,23,SP,Pre-Arb,"$570,500",0.05,Dominican Republic
Arizona Diamondbacks,Geraldo Perdomo,21,SS,Pre-Arb,"$570,500",0.05,Dominican Republic
Atlanta Braves,Freddie Freeman,31,1B,Vet,"$22,000,000",14.64,
Atlanta Braves,Charlie Morton,37,SP,Vet,"$15,000,000",9.80,
Atlanta Braves,Will Smith,31,RP,Vet,"$13,000,000",8.49,
Atlanta Braves,Drew Smyly,32,SP,Vet,"$11,000,000",7.19,
Atlanta Braves,Travis d'Arnaud,32,C,Vet,"$8,000,000",5.23,
Atlanta Braves,Chris Martin,35,RP,Arb 1,"$7,000,000",4.57,
Atlanta Braves,Dansby Swanson,27,SS,Arb 2,"$6,000,000",3.92,
Atlanta Braves,Ronald Acuna Jr.,23,RF,Arb 1,"$5,000,000",3.27,Venezuela
Atlanta Braves,Max Fried,27,SP,Arb 1,"$3,500,000",2.29,
Atlanta Braves,Ozzie Albies,24,2B,Arb 1,"$3,000,000",1.96,Curacao
Atlanta Braves,Jorge Soler,29,DH,Arb 2,"$8,050,000",1.84,Cuba
Atlanta Braves,Michael Soroka,23,SP,Arb 1,"$2,800,000",1.83,
Atlanta Braves,Eddie Rosario,29,LF,Arb 3,"$8,000,000",1.83,
Atlanta Braves,Joc Pederson,29,LF,Vet,"$4,500,000",1.26,
Atlanta Braves,Luke Jackson,29,RP,Arb 2,"$1,900,000",1.24,
Atlanta Braves,Ehire Adrianza,31,SS,Vet,"$1,500,000",0.98,Dominican Republic
Atlanta Braves,A.J. Minter,27,RP,Arb 1,"$1,300,000",0.85,
Atlanta Braves,Guillermo Heredia,30,CF,Arb 2,"$1,000,000",0.65,Cuba
Atlanta Braves,Grant Dayton,33,RP,Arb 2,"$900,000",0.59,
Atlanta Braves,Adam Duvall,32,RF,Arb 3,"$2,000,000",0.46,
Atlanta Braves,Tyler Matzek,30,RP,Pre-Arb,"$600,500",0.39,
Atlanta Braves,Richard Rodriguez,31,RP/CL,Arb 1,"$1,700,000",0.39,Dominican Republic
Atlanta Braves,Austin Riley,24,3B,Pre-Arb,"$590,500",0.39,
Atlanta Braves,Huascar Ynoa,23,RP,Pre-Arb,"$580,500",0.38,Dominican Republic
Atlanta Braves,Ian Anderson,23,SP,Pre-Arb,"$575,500",0.38,
Atlanta Braves,Jesse Chavez,37,RP,Vet,"$570,500",0.20,
Atlanta Braves,Orlando Arcia,26,SS,Arb 2,"$2,000,000",0.19,Venezuela
Atlanta Braves,William Contreras,23,C,Pre-Arb,"$570,500",0.19,Venezuela
Atlanta Braves,Jacob Webb,27,RP,Pre-Arb,"$570,500",0.17,
Atlanta Braves,Dylan Lee,26,P,Pre-Arb,"$570,500",0.01,
Atlanta Braves,Spencer Strider,22,P,Pre-Arb,"$570,500",0.00,
Baltimore Orioles,Trey Mancini,29,DH,Arb 2,"$4,750,000",11.20,
Baltimore Orioles,Pedro Severino,27,C,Arb 1,"$1,825,000",4.30,Dominican Republic
Baltimore Orioles,Pat Valaika,28,SS,Arb 1,"$875,000",1.43,
Baltimore Orioles,John Means,28,SP,Pre-Arb,"$593,500",1.40,
Baltimore Orioles,Austin Hays,25,LF,Pre-Arb,"$578,500",1.36,
Baltimore Orioles,Cedric Mullins,26,CF,Pre-Arb,"$577,000",1.36,
Baltimore Orioles,Ryan Mountcastle,24,1B,Pre-Arb,"$574,500",1.35,
Baltimore Orioles,Dillon Tate,27,RP,Pre-Arb,"$574,500",1.35,
Baltimore Orioles,Cole Sulser,31,RP,Pre-Arb,"$574,500",1.27,
Baltimore Orioles,Bruce Zimmermann,26,SP,Pre-Arb,"$571,500",1.25,
Baltimore Orioles,Ryan McKenna,24,CF,Pre-Arb,"$570,500",0.91,
Baltimore Orioles,Austin Wynns,30,C,Pre-Arb,"$570,500",0.90,
Baltimore Orioles,Richie Martin,26,SS,Pre-Arb,"$570,500",0.78,
Baltimore Orioles,Spenser Watkins,28,SP,Pre-Arb,"$570,500",0.56,
Baltimore Orioles,Marcos Diplan,24,RP,Pre-Arb,"$570,500",0.42,Dominican Republic
Baltimore Orioles,Thomas Eshelman,27,SP,Pre-Arb,"$570,500",0.41,
Baltimore Orioles,Kelvin Gutierrez,26,3B,Pre-Arb,"$570,500",0.40,Dominican Republic
Baltimore Orioles,Fernando Abad,35,RP,Vet,"$570,500",0.35,Dominican Republic
Baltimore Orioles,Conner Greene,26,RP,Pre-Arb,"$570,500",0.30,
Baltimore Orioles,Zac Lowther,25,SP,Pre-Arb,"$570,500",0.27,
Baltimore Orioles,Jahmai Jones,23,2B,Pre-Arb,"$570,500",0.26,
Baltimore Orioles,Konner Wade,29,RP,Pre-Arb,"$570,500",0.17,
Baltimore Orioles,Eric Hanhold,27,P,Pre-Arb,"$570,500",0.15,
Baltimore Orioles,Isaac Mattson,25,RP,Pre-Arb,"$570,500",0.12,
Baltimore Orioles,Brooks Kriske,27,RP,Pre-Arb,"$570,500",0.11,
Baltimore Orioles,Joey Krehbiel,28,RP,Pre-Arb,"$570,500",0.07,
Baltimore Orioles,Tyler Nevin,24,1B,Pre-Arb,"$570,500",0.07,United States
Baltimore Orioles,Nick Ciuffo,26,C,Pre-Arb,"$570,500",0.07,United States
Boston Red Sox,Chris Sale,32,SP,Vet,"$30,000,000",10.69,
Boston Red Sox,Xander Bogaerts,28,SS,Vet,"$20,000,000",10.69,Aruba
Boston Red Sox,J.D. Martinez,33,DH,Vet,"$19,350,000",10.34,
Boston Red Sox,Nathan Eovaldi,31,SP,Vet,"$17,000,000",9.09,
Boston Red Sox,Garrett Richards,33,RP,Vet,"$8,500,000",5.08,
Boston Red Sox,Eduardo Rodriguez,28,SP,Arb 4,"$8,300,000",4.44,Venezuela
Boston Red Sox,Adam Ottavino,35,RP,Vet,"$7,150,000",3.86,
Boston Red Sox,Christian Vazquez,30,C,Vet,"$6,250,000",3.34,
Boston Red Sox,Rafael Devers,24,3B,Arb 1,"$4,575,000",2.45,Dominican Republic
Boston Red Sox,Enrique Hernandez,29,2B,Vet,"$6,000,000",2.41,
Boston Red Sox,Matt Barnes,31,RP,Arb 3,"$4,500,000",2.41,
Boston Red Sox,Martin Perez,30,RP,Vet,"$4,500,000",2.41,Venezuela
Boston Red Sox,Hunter Renfroe,29,RF,Arb 2,"$3,100,000",1.98,
Boston Red Sox,Kyle Schwarber,28,LF,Vet,"$7,000,000",1.31,
Boston Red Sox,Kevin Plawecki,30,C,Arb 3,"$1,600,000",0.86,
Boston Red Sox,Hirokazu Sawamura,33,RP,Pre-Arb,"$1,200,000",0.86,Japan
Boston Red Sox,Ryan Brasier,33,RP,Arb 1,"$1,250,000",0.67,
Boston Red Sox,Hansel Robles,30,RP/CL,Arb 4,"$2,000,000",0.37,Dominican Republic
Boston Red Sox,Alex Verdugo,25,CF,Pre-Arb,"$649,500",0.35,
Boston Red Sox,Nick Pivetta,28,SP,Pre-Arb,"$613,500",0.33,
Boston Red Sox,Christian Arroyo,26,SS,Pre-Arb,"$581,500",0.31,
Boston Red Sox,Darwinzon Hernandez,24,RP,Pre-Arb,"$578,500",0.31,Venezuela
Boston Red Sox,Bobby Dalbec,26,1B,Pre-Arb,"$575,000",0.31,
Boston Red Sox,Garrett Whitlock,25,RP,Pre-Arb,"$570,500",0.30,
Boston Red Sox,Travis Shaw,31,1B,Arb 3,"$1,500,000",0.21,
Boston Red Sox,Austin Davis,28,RP,Pre-Arb,"$588,000",0.11,
Boston Red Sox,Tanner Houck,25,SP,Pre-Arb,"$577,000",0.10,
Boston Red Sox,Jose Iglesias,31,SS,Vet,"$570,500",0.04,Cuba
Chicago Cubs,Kyle Hendricks,31,SP,Vet,"$14,000,000",9.68,
Chicago Cubs,Zach Davies,28,SP,Arb 3,"$8,630,000",5.97,
Chicago Cubs,Ian Happ,26,CF,Arb 1,"$4,100,000",2.84,
Chicago Cubs,Matt Duffy,30,3B,Vet,"$1,000,000",0.69,
Chicago Cubs,Rex Brothers,33,RP,Arb 3,"$850,000",0.59,
Chicago Cubs,Alec Mills,29,SP,Pre-Arb,"$600,000",0.41,
Chicago Cubs,Rowan Wick,28,RP,Pre-Arb,"$593,000",0.41,
Chicago Cubs,Trayce Thompson,30,CF,Pre-Arb,"$570,500",0.39,United States
Chicago Cubs,Adbert Alzolay,26,SP,Pre-Arb,"$573,000",0.37,Venezuela
Chicago Cubs,Adam Morgan,31,RP,Arb 3,"$900,000",0.32,
Chicago Cubs,Justin Steele,25,SP,Pre-Arb,"$570,500",0.28,
Chicago Cubs,Rafael Ortega,30,LF,Pre-Arb,"$570,500",0.28,Venezuela
Chicago Cubs,Sergio Alcantara,24,2B,Pre-Arb,"$570,500",0.25,Dominican Republic
Chicago Cubs,Trevor Megill,27,RP,Pre-Arb,"$570,500",0.23,
Chicago Cubs,Codi Heuer,24,RP,Pre-Arb,"$585,000",0.14,
Chicago Cubs,Frank Schwindel,29,1B,Pre-Arb,"$570,500",0.14,
Chicago Cubs,Michael Rucker,27,RP,Pre-Arb,"$570,500",0.14,
Chicago Cubs,Adrian Sampson,29,RP,Pre-Arb,"$570,500",0.10,
Chicago Cubs,Scott Effross,27,P,Pre-Arb,"$570,500",0.08,
Chicago Cubs,Johneshwy Fargas,26,OF,Pre-Arb,"$570,500",0.05,
Chicago Cubs,Greg Deichmann,26,OF,Pre-Arb,"$570,500",0.04,
Chicago Cubs,Cory Abbott,25,SP,Pre-Arb,"$570,500",0.03,
Chicago Cubs,Jason Adam,29,RP,Pre-Arb,"$592,500",0.01,United States
Chicago Cubs,Trent Giambrone,27,2B,Pre-Arb,"$570,500",0.01,
Chicago Cubs,Erick Castillo,28,C,Pre-Arb,"$570,500",0.01,Venezuela
Chicago Cubs,Joseph Biagini,31,RP,Arb 3,"$570,500",0.00,
Chicago Cubs,Tyler Ladendorf,33,2B,Arb 3,"$570,500",0.00,
Chicago Cubs,Tyler Payne,28,C,Pre-Arb,"$570,500",0.00,
Chicago White Sox,Yasmani Grandal,32,C,Vet,"$18,250,000",12.95,
Chicago White Sox,Dallas Keuchel,33,SP,Vet,"$18,000,000",12.77,
Chicago White Sox,Jose Abreu,34,1B,Vet,"$16,000,000",12.54,Cuba
Chicago White Sox,Liam Hendriks,32,RP/CL,Vet,"$11,000,000",8.04,Australia
Chicago White Sox,Lance Lynn,34,SP,Vet,"$8,000,000",6.62,
Chicago White Sox,Tim Anderson,28,SS,Pre-Arb,"$7,250,000",5.14,
Chicago White Sox,Yoan Moncada,26,3B,Arb 1,"$6,000,000",4.83,Cuba
Chicago White Sox,Craig Kimbrel,33,RP,Vet,"$16,000,000",3.97,
Chicago White Sox,Eloy Jimenez,24,DH,Arb 1,"$3,500,000",3.07,Dominican Republic
Chicago White Sox,Lucas Giolito,26,SP,Arb 1,"$4,150,000",2.94,
Chicago White Sox,Leury Garcia,30,OF,Vet,"$3,500,000",2.48,Dominican Republic
Chicago White Sox,Luis Robert,23,CF,Pre-Arb,"$3,500,000",2.48,Cuba
Chicago White Sox,Carlos Rodon,28,SP,Arb 4,"$3,000,000",2.13,
Chicago White Sox,Reynaldo Lopez,27,RP,Arb 1,"$2,100,000",1.49,Dominican Republic
Chicago White Sox,Aaron Bummer,27,RP,Pre-Arb,"$2,000,000",1.42,
Chicago White Sox,Cesar Hernandez,31,2B,Vet,"$5,000,000",1.24,Venezuela
Chicago White Sox,Adam Engel,29,LF,Arb 1,"$1,375,000",0.98,
Chicago White Sox,Billy Hamilton,30,CF,Vet,"$1,250,000",0.89,
Chicago White Sox,Dylan Cease,25,SP,Pre-Arb,"$600,000",0.43,
Chicago White Sox,Jose Ruiz,26,RP,Pre-Arb,"$575,000",0.41,Venezuela
Chicago White Sox,Garrett Crochet,22,RP,Pre-Arb,"$572,000",0.41,
Chicago White Sox,Michael Kopech,25,RP,Pre-Arb,"$570,500",0.40,
Chicago White Sox,Andrew Vaughn,23,LF,Pre-Arb,"$570,500",0.40,
Chicago White Sox,Zack Collins,26,C,Pre-Arb,"$575,000",0.37,
Chicago White Sox,Matt Foster,26,RP,Pre-Arb,"$585,000",0.29,
Chicago White Sox,Ryan Burr,27,RP,Pre-Arb,"$570,500",0.22,
Chicago White Sox,Ryan Tepera,33,RP,Vet,"$800,000",0.20,
Chicago White Sox,Gavin Sheets,25,1B,Pre-Arb,"$570,500",0.17,
Cincinnati Reds,Joey Votto,37,1B,Vet,"$25,000,000",19.86,
Cincinnati Reds,Nick Castellanos,29,RF,Vet,"$14,000,000",11.00,
Cincinnati Reds,Eugenio Suarez,29,3B,Vet,"$10,500,000",8.57,Venezuela
Cincinnati Reds,Sonny Gray,31,SP,Vet,"$10,000,000",8.08,
Cincinnati Reds,Michael Lorenzen,29,SP,Arb 4,"$4,437,500",3.52,
Cincinnati Reds,Luis Castillo,28,SP,Arb 1,"$4,200,000",3.34,Dominican Republic
Cincinnati Reds,Tucker Barnhart,30,C,Vet,"$3,750,000",3.33,
Cincinnati Reds,Tyler Mahle,26,SP,Arb 1,"$2,200,000",1.75,
Cincinnati Reds,Amir Garrett,29,RP,Arb 1,"$1,500,000",1.19,
Cincinnati Reds,Mychal Givens,31,RP,Arb 3,"$4,050,000",1.16,
Cincinnati Reds,Justin Wilson,33,RP,Vet,"$2,850,000",0.80,
Cincinnati Reds,Kyle Farmer,30,SS,Pre-Arb,"$640,000",0.51,
Cincinnati Reds,Lucas Sims,27,RP/CL,Pre-Arb,"$598,500",0.48,
Cincinnati Reds,Jeff Hoffman,28,SP,Pre-Arb,"$585,500",0.47,
Cincinnati Reds,Aristides Aquino,27,RF,Pre-Arb,"$579,000",0.46,Dominican Republic
Cincinnati Reds,Jonathan India,24,3B,Pre-Arb,"$570,500",0.45,
Cincinnati Reds,Tyler Stephenson,24,C,Pre-Arb,"$570,500",0.45,
Cincinnati Reds,Vladimir Gutierrez,25,SP,Pre-Arb,"$570,500",0.31,Cuba
Cincinnati Reds,Luis Cessa,29,RP,Arb 1,"$1,050,000",0.30,Mexico
Cincinnati Reds,Art Warren,28,RP,Pre-Arb,"$570,500",0.29,
Cincinnati Reds,Asdrubal Cabrera,35,2B,Vet,"$1,750,000",0.28,Venezuela
Cincinnati Reds,Tony Santillan,24,SP,Pre-Arb,"$570,500",0.21,
Cincinnati Reds,Max Schrock,26,SS,Pre-Arb,"$570,500",0.19,
Cincinnati Reds,Jose Barrero,23,SS,Pre-Arb,"$570,500",0.09,Cuba
Cincinnati Reds,Delino DeShields,28,CF,Arb 3,"$570,500",0.08,
Cincinnati Reds,T.J. Friedl,25,OF,Pre-Arb,"$570,500",0.04,
Cincinnati Reds,Dauri Moreta,25,RP,Pre-Arb,"$570,500",0.03,Dominican Republic
Cincinnati Reds,Reiver Sanmartin,25,SP,Pre-Arb,"$570,500",0.01,Colombia
Cleveland Guardians,Jose Ramirez,28,3B,Vet,"$9,000,000",18.55,Dominican Republic
Cleveland Guardians,Roberto Perez,32,C,Vet,"$5,500,000",10.85,
Cleveland Guardians,Austin Hedges,28,C,Arb 3,"$3,280,000",6.47,
Cleveland Guardians,Bryan Shaw,33,RP,Vet,"$1,000,000",4.84,
Cleveland Guardians,Amed Rosario,25,SS,Arb 1,"$2,400,000",4.74,Dominican Republic
Cleveland Guardians,Nick Wittgren,30,RP,Arb 2,"$2,000,000",3.95,
Cleveland Guardians,Blake Parker,36,RP,Vet,"$2,500,000",3.18,
Cleveland Guardians,Shane Bieber,26,SP,Pre-Arb,"$679,700",1.34,
Cleveland Guardians,Franmil Reyes,25,DH,Pre-Arb,"$602,400",1.19,Dominican Republic
Cleveland Guardians,Zach Plesac,26,SP,Pre-Arb,"$590,200",1.16,
Cleveland Guardians,Aaron Civale,26,SP,Pre-Arb,"$587,400",1.16,
Cleveland Guardians,Cal Quantrill,26,SP,Pre-Arb,"$586,200",1.16,
Cleveland Guardians,Emmanuel Clase,23,RP/CL,Pre-Arb,"$571,800",1.13,Dominican Republic
Cleveland Guardians,Trevor Stephan,25,RP,Pre-Arb,"$570,500",1.13,
Cleveland Guardians,Harold Ramirez,26,RF,Pre-Arb,"$587,000",0.95,Colombia
Cleveland Guardians,Sam Hentges,24,RP,Pre-Arb,"$570,500",0.95,
Cleveland Guardians,Yu-Cheng Chang,25,SS,Pre-Arb,"$571,100",0.95,Taiwan
Cleveland Guardians,James Karinchak,25,RP,Pre-Arb,"$585,000",0.94,
Cleveland Guardians,Triston McKenzie,23,SP,Pre-Arb,"$575,300",0.86,
Cleveland Guardians,Bradley Zimmer,28,CF,Pre-Arb,"$576,700",0.79,
Cleveland Guardians,Bobby Bradley,25,1B,Pre-Arb,"$570,500",0.73,
Cleveland Guardians,Eli Morgan,25,SP,Pre-Arb,"$570,500",0.65,
Cleveland Guardians,Andres Gimenez,22,SS,Pre-Arb,"$577,100",0.64,Venezuela
Cleveland Guardians,Oscar Mercado,26,OF,Pre-Arb,"$570,500",0.59,
Cleveland Guardians,Justin Garza,27,RP,Pre-Arb,"$570,500",0.56,
Cleveland Guardians,Logan Allen,24,SP,Pre-Arb,"$571,500",0.48,
Cleveland Guardians,Myles Straw,26,CF,Pre-Arb,"$590,400",0.41,
Cleveland Guardians,Anthony Gose,30,RP,Pre-Arb,"$570,500",0.08,
Colorado Rockies,Charlie Blackmon,35,RF,Vet,"$21,000,000",18.33,
Colorado Rockies,Trevor Story,28,SS,Arb 3,"$17,500,000",15.89,
Colorado Rockies,German Marquez,26,SP,Arb 2,"$7,500,000",6.70,Venezuela
Colorado Rockies,Jon Gray,29,SP,Arb 3,"$6,000,000",5.15,
Colorado Rockies,Kyle Freeland,28,SP,Arb 2,"$5,025,000",4.32,
Colorado Rockies,Antonio Senzatela,26,SP,Arb 1,"$3,000,000",2.58,Venezuela
Colorado Rockies,Daniel Bard,36,RP/CL,Arb 2,"$2,925,000",2.51,
Colorado Rockies,Ryan McMahon,26,2B,Arb 1,"$2,375,000",2.04,
Colorado Rockies,Raimel Tapia,27,LF,Arb 1,"$1,950,000",1.68,Dominican Republic
Colorado Rockies,Carlos Estevez,28,RP,Arb 2,"$1,450,000",1.25,Dominican Republic
Colorado Rockies,Elias Diaz,30,C,Arb 2,"$1,200,000",1.12,Venezuela
Colorado Rockies,Jhoulys Chacin,33,RP,Vet,"$1,000,000",0.86,Venezuela
Colorado Rockies,C.J. Cron,31,1B,Vet,"$1,000,000",0.86,
Colorado Rockies,Robert Stephenson,28,RP,Arb 1,"$805,000",0.69,
Colorado Rockies,Garrett Hampson,26,2B,Pre-Arb,"$580,500",0.50,
Colorado Rockies,Tyler Kinley,30,RP,Pre-Arb,"$580,500",0.50,
Colorado Rockies,Yency Almonte,27,RP,Pre-Arb,"$575,500",0.49,
Colorado Rockies,Brendan Rodgers,24,SS,Pre-Arb,"$575,500",0.49,
Colorado Rockies,Yonathan Daza,27,RF,Pre-Arb,"$572,500",0.49,Venezuela
Colorado Rockies,Dom Nunez,26,C,Pre-Arb,"$572,500",0.49,
Colorado Rockies,Jordan Sheffield,26,RP,Pre-Arb,"$570,500",0.49,
Colorado Rockies,Lucas Gilbreath,25,SP,Pre-Arb,"$570,500",0.39,
Colorado Rockies,Sam Hilliard,27,OF,Pre-Arb,"$575,500",0.29,
Colorado Rockies,Justin Lawrence,26,RP,Pre-Arb,"$570,500",0.17,
Colorado Rockies,Ashton Goudeau,28,SP,Pre-Arb,"$570,500",0.14,
Colorado Rockies,Julian Fern√°ndez,25,RP,Pre-Arb,"$570,500",0.08,Dominican Republic
Colorado Rockies,Antonio Santos,24,SP,Pre-Arb,"$570,500",0.07,Dominican Republic
Colorado Rockies,Colton Welker,23,3B,Pre-Arb,"$570,500",0.07,United States
Detroit Tigers,Miguel Cabrera,38,DH,Vet,"$30,000,000",34.74,Venezuela
Detroit Tigers,Robbie Grossman,31,LF,Vet,"$5,000,000",6.37,
Detroit Tigers,Jonathan Schoop,29,2B,Vet,"$4,500,000",5.21,Curacao
Detroit Tigers,Jose Urena,29,SP,Vet,"$3,250,000",4.00,Dominican Republic
Detroit Tigers,Michael Fulmer,28,RP,Arb 3,"$3,100,000",3.59,
Detroit Tigers,Jeimer Candelario,27,1B,Arb 1,"$2,850,000",3.30,Dominican Republic
Detroit Tigers,Niko Goodrum,29,2B,Arb 1,"$2,100,000",2.43,
Detroit Tigers,Joe Jimenez,26,RP,Arb 1,"$1,500,000",1.74,Puerto Rico
Detroit Tigers,Derek Holland,34,RP,Vet,"$925,000",1.07,
Detroit Tigers,Wily Peralta,32,SP,Vet,"$1,500,000",1.03,Dominican Republic
Detroit Tigers,Harold Castro,27,3B,Pre-Arb,"$581,700",0.67,Venezuela
Detroit Tigers,Tyler Alexander,26,SP,Pre-Arb,"$578,800",0.67,
Detroit Tigers,Tarik Skubal,24,SP,Pre-Arb,"$574,300",0.67,
Detroit Tigers,Casey Mize,24,SP,Pre-Arb,"$574,100",0.66,
Detroit Tigers,Akil Baddoo,22,OF,Pre-Arb,"$570,500",0.66,
Detroit Tigers,Willi Castro,24,SS,Pre-Arb,"$578,500",0.65,Puerto Rico
Detroit Tigers,Kyle Funkhouser,27,RP,Pre-Arb,"$570,500",0.53,
Detroit Tigers,Eric Haase,28,C,Pre-Arb,"$570,500",0.51,
Detroit Tigers,Bryan Garcia,26,RP,Pre-Arb,"$576,600",0.43,
Detroit Tigers,Matt Manning,23,SP,Pre-Arb,"$570,500",0.35,
Detroit Tigers,Daz Cameron,24,OF,Pre-Arb,"$570,500",0.34,United States
Detroit Tigers,Alex Lange,25,RP,Pre-Arb,"$570,500",0.32,
Detroit Tigers,Zack Short,26,2B,Pre-Arb,"$570,500",0.31,
Detroit Tigers,Ian Krol,30,RP,Arb 1,"$570,500",0.26,United States
Detroit Tigers,Isaac Paredes,22,3B,Pre-Arb,"$570,500",0.22,Mexico
Detroit Tigers,Dustin Garneau,33,C,Pre-Arb,"$570,500",0.16,
Detroit Tigers,Drew Hutchison,30,SP,Arb 2,"$570,500",0.12,
Detroit Tigers,Jason Foley,25,RP,Pre-Arb,"$570,500",0.11,
Houston Astros,Jose Altuve,31,2B,Vet,"$26,000,000",14.91,Venezuela
Houston Astros,Zack Greinke,37,SP,Vet,"$32,000,000",12.68,
Houston Astros,Michael Brantley,34,LF,Vet,"$16,000,000",8.23,
Houston Astros,Alex Bregman,27,3B,Arb 2,"$11,000,000",6.51,
Houston Astros,Carlos Correa,26,SS,Arb 3,"$11,700,000",6.02,
Houston Astros,Jake Odorizzi,31,SP,Vet,"$6,000,000",4.63,
Houston Astros,Ryan Pressly,32,RP/CL,Vet,"$8,750,000",4.50,
Houston Astros,Yulieski Gurriel,37,1B,Pre-Arb,"$6,500,000",4.37,Cuba
Houston Astros,Lance McCullers,27,SP,Arb 4,"$6,500,000",3.64,
Houston Astros,Martin Maldonado,34,C,Vet,"$3,500,000",1.80,
Houston Astros,Jason Castro,34,C,Vet,"$2,500,000",1.80,
Houston Astros,Aledmys Diaz,30,SS,Arb 2,"$3,000,000",1.54,Cuba
Houston Astros,Brooks Raley,33,RP,Pre-Arb,"$2,000,000",1.03,
Houston Astros,Ryne Stanek,29,RP,Arb 1,"$1,100,000",0.57,
Houston Astros,Yimi Garcia,30,RP,Arb 4,"$1,900,000",0.35,Dominican Republic
Houston Astros,Framber Valdez,27,SP,Pre-Arb,"$637,300",0.33,Dominican Republic
Houston Astros,Kyle Tucker,24,RF,Pre-Arb,"$624,300",0.32,
Houston Astros,Yordan Alvarez,24,DH,Pre-Arb,"$609,000",0.31,Cuba
Houston Astros,Jose Urquidy,26,SP,Pre-Arb,"$604,200",0.31,Mexico
Houston Astros,Blake Taylor,25,RP,Pre-Arb,"$599,100",0.31,
Houston Astros,Cristian Javier,24,SP,Pre-Arb,"$620,400",0.30,Dominican Republic
Houston Astros,Luis Garcia,24,RP,Pre-Arb,"$580,100",0.30,Venezuela
Houston Astros,Chas McCormick,26,OF,Pre-Arb,"$570,500",0.29,
Houston Astros,Kendall Graveman,30,RP,Arb 3,"$1,250,000",0.23,
Houston Astros,Phil Maton,28,RP,Arb 1,"$975,000",0.18,
Houston Astros,Jake Meyers,25,OF,Pre-Arb,"$570,500",0.10,
Houston Astros,Jose Siri,25,CF,Pre-Arb,"$570,500",0.05,Dominican Republic
Houston Astros,Marwin Gonzalez,32,3B,Vet,"$570,500",0.04,Venezuela
Kansas City Royals,Salvador Perez,31,C,Vet,"$13,000,000",15.50,Venezuela
Kansas City Royals,Whit Merrifield,32,RF,Arb 2,"$6,750,000",8.13,
Kansas City Royals,Carlos Santana,35,1B,Vet,"$7,000,000",7.92,Dominican Republic
Kansas City Royals,Andrew Benintendi,26,LF,Arb 2,"$6,600,000",4.15,
Kansas City Royals,Greg Holland,35,RP,Vet,"$2,750,000",4.09,
Kansas City Royals,Adalberto Mondesi,25,SS,Arb 1,"$2,525,000",2.76,Dominican Republic
Kansas City Royals,Hunter Dozier,29,3B,Arb 1,"$2,250,000",2.73,
Kansas City Royals,Michael Taylor,30,CF,Vet,"$1,750,000",2.18,
Kansas City Royals,Hanser Alberto,28,2B,Arb 2,"$1,650,000",1.80,Dominican Republic
Kansas City Royals,Ervin Santana,38,RP,Vet,"$1,500,000",1.64,Dominican Republic
Kansas City Royals,Scott Barlow,28,RP/CL,Pre-Arb,"$650,000",0.71,
Kansas City Royals,Cameron Gallagher,28,C,Pre-Arb,"$604,000",0.66,
Kansas City Royals,Nicholas Lopez,26,2B,Pre-Arb,"$597,500",0.65,
Kansas City Royals,Josh Staumont,27,RP,Pre-Arb,"$588,700",0.64,
Kansas City Royals,Kyle Zimmer,29,RP,Pre-Arb,"$588,700",0.64,
Kansas City Royals,Jake Brentz,26,RP,Pre-Arb,"$570,500",0.62,
Kansas City Royals,Kris Bubic,23,SP,Pre-Arb,"$570,500",0.52,
Kansas City Royals,Ryan O'Hearn,27,1B,Pre-Arb,"$570,500",0.47,
Kansas City Royals,Carlos Hernandez,24,SP,Pre-Arb,"$570,500",0.44,Venezuela
Kansas City Royals,Domingo Tapia,29,RP,Pre-Arb,"$570,500",0.24,Dominican Republic
Kansas City Royals,Sebastian Rivero,22,C,Pre-Arb,"$570,500",0.19,Venezuela
Kansas City Royals,Joel Payamps,27,RP,Pre-Arb,"$580,000",0.17,Dominican Republic
Kansas City Royals,Jackson Kowar,24,SP,Pre-Arb,"$570,500",0.16,
Kansas City Royals,Kyle Isbel,24,OF,Pre-Arb,"$570,500",0.14,
Kansas City Royals,Gabe Speier,26,P,Pre-Arb,"$570,500",0.06,
Kansas City Royals,Jon Heasley,24,P,Pre-Arb,"$570,500",0.05,
Kansas City Royals,Dylan Coleman,24,RP,Pre-Arb,"$570,500",0.04,
Kansas City Royals,Angel Zerpa,21,P,Pre-Arb,"$570,500",0.01,Venezuela
Los Angeles Angels,Raisel Iglesias,31,RP/CL,Vet,"$9,125,000",5.06,Cuba
Los Angeles Angels,Alex Cobb,33,SP,Vet,"$15,000,000",2.77,
Los Angeles Angels,Shohei Ohtani,26,SP,Arb 1,"$3,000,000",1.66,Japan
Los Angeles Angels,David Fletcher,27,2B,Pre-Arb,"$2,000,000",1.11,
Los Angeles Angels,Max Stassi,30,C,Arb 2,"$1,600,000",0.89,
Los Angeles Angels,Kurt Suzuki,37,C,Vet,"$1,500,000",0.83,
Los Angeles Angels,Juan Lagares,32,CF,Vet,"$1,250,000",0.67,Dominican Republic
Los Angeles Angels,Mike Mayers,29,RP,Arb 1,"$1,200,000",0.67,
Los Angeles Angels,Steve Cishek,35,RP,Vet,"$1,000,000",0.55,
Los Angeles Angels,Junior Guerra,36,RP,Arb 3,"$750,000",0.42,Venezuela
Los Angeles Angels,Jared Walsh,27,1B,Pre-Arb,"$590,500",0.33,
Los Angeles Angels,Philip Gosselin,32,2B,Arb 2,"$570,500",0.26,
Los Angeles Angels,Jose Suarez,23,SP,Pre-Arb,"$570,500",0.22,Venezuela
Los Angeles Angels,Jose Rojas,28,3B,Pre-Arb,"$570,500",0.16,
Los Angeles Angels,Jack Mayfield,30,2B,Pre-Arb,"$570,500",0.15,
Los Angeles Angels,Luis Rengifo,24,SS,Pre-Arb,"$570,500",0.15,Venezuela
Los Angeles Angels,Brandon Marsh,23,OF,Pre-Arb,"$570,500",0.13,
Los Angeles Angels,Jose Quijada,25,RP,Pre-Arb,"$570,500",0.13,Venezuela
Los Angeles Angels,Andrew Wantz,25,RP,Pre-Arb,"$570,500",0.12,
Los Angeles Angels,Austin Warren,25,RP,Pre-Arb,"$570,500",0.11,
Los Angeles Angels,Sam Selman,30,RP,Pre-Arb,"$583,000",0.11,
Los Angeles Angels,Kean Wong,26,2B,Pre-Arb,"$570,500",0.10,
Los Angeles Angels,Reid Detmers,21,SP,Pre-Arb,"$570,500",0.10,
Los Angeles Angels,Jimmy Herget,27,RP,Pre-Arb,"$570,500",0.06,
Los Angeles Angels,Oliver Ortega,24,P,Pre-Arb,"$570,500",0.05,Dominican Republic
Los Angeles Angels,James Hoyt,34,RP,Pre-Arb,"$570,500",0.05,
Los Angeles Angels,A.J. Ramos,34,RP,Vet,"$57,500",0.02,
Los Angeles Angels,Matt Thaiss,26,1B,Pre-Arb,"$570,500",0.01,
Los Angeles Dodgers,Mookie Betts,28,RF,Vet,"$17,500,000",8.46,
Los Angeles Dodgers,Kenley Jansen,33,RP/CL,Vet,"$20,000,000",7.52,Curacao
Los Angeles Dodgers,A.J. Pollock,33,LF,Vet,"$15,000,000",6.77,
Los Angeles Dodgers,Cody Bellinger,25,CF,Arb 2,"$16,100,000",6.05,
Los Angeles Dodgers,David Price,35,SP,Vet,"$32,000,000",6.01,
Los Angeles Dodgers,Corey Seager,27,SS,Arb 3,"$13,750,000",5.17,
Los Angeles Dodgers,Justin Turner,36,3B,Vet,"$8,000,000",4.51,
Los Angeles Dodgers,Max Muncy,30,1B,Arb 2,"$7,500,000",3.38,
Los Angeles Dodgers,Joe Kelly,33,RP,Vet,"$8,500,000",3.20,
Los Angeles Dodgers,Blake Treinen,33,RP/CL,Vet,"$6,000,000",3.01,
Los Angeles Dodgers,Chris Taylor,30,2B,Arb 3,"$7,800,000",2.93,
Los Angeles Dodgers,Corey Knebel,29,RP/CL,Arb 4,"$5,250,000",1.97,
Los Angeles Dodgers,Trea Turner,28,SS,Arb 3,"$13,000,000",1.72,
Los Angeles Dodgers,Walker Buehler,26,SP,Arb 1,"$2,750,000",1.41,
Los Angeles Dodgers,Julio Urias,24,SP,Arb 1,"$3,600,000",1.35,Mexico
Los Angeles Dodgers,Austin Barnes,31,C,Arb 2,"$1,500,000",0.62,
Los Angeles Dodgers,Will Smith,26,C,Pre-Arb,"$590,500",0.22,
Los Angeles Dodgers,Anthony Gonsolin,27,RP,Pre-Arb,"$580,500",0.22,
Los Angeles Dodgers,Gavin Lux,23,SS,Pre-Arb,"$580,500",0.20,
Los Angeles Dodgers,Matt Beaty,28,3B,Pre-Arb,"$590,500",0.20,
Los Angeles Dodgers,Brusdar Graterol,22,RP,Pre-Arb,"$590,500",0.16,Venezuela
Los Angeles Dodgers,Albert Pujols,41,DH,Vet,"$570,500",0.16,
Los Angeles Dodgers,Phil Bickford,25,RP,Pre-Arb,"$570,500",0.15,
Los Angeles Dodgers,Alex Vesia,25,RP,Pre-Arb,"$570,500",0.14,
Los Angeles Dodgers,Justin Bruihl,24,RP,Pre-Arb,"$570,500",0.06,
Los Angeles Dodgers,Evan Phillips,26,RP,Pre-Arb,"$570,500",0.05,
Los Angeles Dodgers,Andre Jackson,25,RP,Pre-Arb,"$570,500",0.00,
Los Angeles Dodgers,Max Scherzer,36,SP,Vet,"$27,360,623",0.00,
Miami Marlins,Miguel Rojas,32,SS,Vet,"$5,000,000",8.60,Venezuela
Miami Marlins,Richard Bleier,34,RP,Arb 2,"$1,425,000",2.45,
Miami Marlins,Sandy Leon,32,C,Vet,"$1,250,000",1.91,Venezuela
Miami Marlins,Anthony Bass,33,RP,Vet,"$1,000,000",1.72,
Miami Marlins,Dylan Floro,30,RP/CL,Arb 1,"$975,000",1.68,
Miami Marlins,Sandy Alcantara,25,SP,Pre-Arb,"$630,000",1.08,Dominican Republic
Miami Marlins,Pablo Lopez,25,SP,Pre-Arb,"$595,000",1.02,Venezuela
Miami Marlins,Elieser Hernandez,26,SP,Pre-Arb,"$579,000",1.00,Venezuela
Miami Marlins,Jazz Chisholm,23,2B,Pre-Arb,"$571,750",0.98,The Bahamas
Miami Marlins,Magneuris Sierra,25,CF,Pre-Arb,"$571,375",0.98,Dominican Republic
Miami Marlins,Zach Pop,24,RP,Pre-Arb,"$570,500",0.98,
Miami Marlins,Trevor Rogers,23,SP,Pre-Arb,"$570,500",0.98,
Miami Marlins,Anthony Bender,26,RP,Pre-Arb,"$570,500",0.80,
Miami Marlins,Lewis Brinson,27,CF,Pre-Arb,"$587,500",0.73,
Miami Marlins,Zach Thompson,27,SP,Pre-Arb,"$570,500",0.63,
Miami Marlins,Steven Okert,29,RP,Pre-Arb,"$570,500",0.51,
Miami Marlins,Alex Jackson,25,C,Pre-Arb,"$580,500",0.35,United States
Miami Marlins,Bryan De La Cruz,24,OF,Pre-Arb,"$570,500",0.34,Dominican Republic
Miami Marlins,Jesus Luzardo,23,SP,Pre-Arb,"$575,500",0.34,
Miami Marlins,Lewin Diaz,24,1B,Pre-Arb,"$570,500",0.26,Dominican Republic
Miami Marlins,Paul Campbell,25,RP,Pre-Arb,"$570,500",0.17,
Miami Marlins,Eddy Alvarez,31,2B,Pre-Arb,"$570,500",0.14,
Miami Marlins,Deven Marrero,30,SS,Pre-Arb,"$570,500",0.12,
Miami Marlins,Nick Fortes,24,C,Pre-Arb,"$570,500",0.08,
Miami Marlins,Payton Henry,24,C,Pre-Arb,"$570,500",0.08,United States
Miami Marlins,Preston Guilmet,33,RP,Pre-Arb,"$570,500",0.04,
Miami Marlins,Andrew Bellatti,29,RP,Pre-Arb,"$570,500",0.03,United States
Miami Marlins,Brian Miller,25,OF,Pre-Arb,"$570,500",0.03,
Milwaukee Brewers,Lorenzo Cain,35,CF,Vet,"$17,000,000",16.10,
Milwaukee Brewers,Christian Yelich,29,LF,Vet,"$14,000,000",14.09,
Milwaukee Brewers,Avisail Garcia,30,RF,Vet,"$10,500,000",10.82,Venezuela
Milwaukee Brewers,Josh Hader,27,RP/CL,Arb 2,"$6,675,000",6.72,
Milwaukee Brewers,Jackie Bradley Jr.,31,CF,Vet,"$6,500,000",6.54,
Milwaukee Brewers,Brandon Woodruff,28,SP,Pre-Arb,"$3,275,000",3.30,
Milwaukee Brewers,Eduardo Escobar,32,3B,Vet,"$7,500,000",2.68,Venezuela
Milwaukee Brewers,Brett Anderson,33,SP,Vet,"$2,500,000",2.52,
Milwaukee Brewers,Omar Narvaez,29,C,Arb 2,"$2,500,000",2.52,Venezuela
Milwaukee Brewers,Kolten Wong,30,2B,Vet,"$7,000,000",2.01,
Milwaukee Brewers,Manuel Pina,34,C,Arb 3,"$1,650,000",1.66,Venezuela
Milwaukee Brewers,Brent Suter,31,RP,Arb 1,"$1,500,000",1.56,
Milwaukee Brewers,Dan Vogelbach,28,1B,Pre-Arb,"$1,400,000",1.41,
Milwaukee Brewers,Freddy Peralta,25,SP,Pre-Arb,"$1,000,000",1.34,Dominican Republic
Milwaukee Brewers,Daniel Norris,28,RP,Arb 3,"$3,475,000",1.22,
Milwaukee Brewers,Brad Boxberger,33,RP,Vet,"$1,000,000",1.01,
Milwaukee Brewers,Corbin Burnes,26,SP,Pre-Arb,"$608,000",0.61,
Milwaukee Brewers,Hunter Strickland,32,RP,Arb 4,"$1,000,000",0.61,
Milwaukee Brewers,Adrian Houser,28,SP,Pre-Arb,"$584,100",0.59,
Milwaukee Brewers,Luis Urias,24,3B,Pre-Arb,"$575,100",0.58,Mexico
Milwaukee Brewers,Jace Peterson,31,2B,,"$575,000",0.50,
Milwaukee Brewers,Tyrone Taylor,27,CF,Pre-Arb,"$570,500",0.48,
Milwaukee Brewers,Eric Lauer,26,SP,Pre-Arb,"$570,500",0.45,
Milwaukee Brewers,Willy Adames,25,SS,Pre-Arb,"$590,000",0.43,Dominican Republic
Milwaukee Brewers,Rowdy Tellez,26,1B,Pre-Arb,"$598,100",0.29,
Milwaukee Brewers,Jandel Gustave,28,RP,Pre-Arb,"$570,500",0.26,Dominican Republic
Milwaukee Brewers,Aaron Ashby,23,P,Pre-Arb,"$570,500",0.14,
Milwaukee Brewers,Colin Rea,31,SP,Arb 1,"$570,500",0.02,
Minnesota Twins,Josh Donaldson,35,3B,Vet,"$21,000,000",17.49,
Minnesota Twins,Miguel Sano,28,1B,Arb 3,"$11,000,000",9.16,Dominican Republic
Minnesota Twins,Andrelton Simmons,31,SS,Vet,"$10,500,000",8.74,
Minnesota Twins,Michael Pineda,32,SP,Vet,"$10,000,000",8.33,Dominican Republic
Minnesota Twins,Max Kepler,28,RF,Arb 3,"$6,500,000",5.41,Germany
Minnesota Twins,Byron Buxton,27,CF,Arb 3,"$5,125,000",4.27,
Minnesota Twins,Alex Colome,32,RP,Vet,"$5,000,000",4.16,Dominican Republic
Minnesota Twins,Jorge Polanco,27,SS,Arb 2,"$4,333,334",3.61,Dominican Republic
Minnesota Twins,Tyler Duffey,30,RP,Arb 2,"$2,200,000",1.83,
Minnesota Twins,Mitch Garver,30,C,Arb 1,"$1,875,000",1.56,
Minnesota Twins,Caleb Thielbar,34,RP,Pre-Arb,"$700,000",0.58,
Minnesota Twins,Luis Arraez,24,2B,Pre-Arb,"$611,000",0.51,Venezuela
Minnesota Twins,Jake Cave,28,LF,Pre-Arb,"$597,500",0.50,
Minnesota Twins,Jorge Alcala,25,RP,Pre-Arb,"$575,500",0.48,Dominican Republic
Minnesota Twins,Ryan Jeffers,24,C,Pre-Arb,"$575,500",0.42,
Minnesota Twins,Willians Astudillo,29,C,Pre-Arb,"$573,500",0.40,Venezuela
Minnesota Twins,Luke Farrell,30,RP,Pre-Arb,"$570,500",0.36,
Minnesota Twins,Nick Gordon,25,SS,Pre-Arb,"$570,500",0.34,
Minnesota Twins,Daniel Coulombe,31,RP,Pre-Arb,"$570,500",0.26,
Minnesota Twins,Brent Rooker,26,OF,Pre-Arb,"$570,500",0.25,
Minnesota Twins,Griffin Jax,26,SP,Pre-Arb,"$570,500",0.23,
Minnesota Twins,Juan Minaya,30,RP,Pre-Arb,"$570,500",0.22,Dominican Republic
Minnesota Twins,Ralph Garza,27,RP,Pre-Arb,"$570,500",0.13,
Minnesota Twins,Charlie Barnes,25,SP,Pre-Arb,"$570,500",0.13,
Minnesota Twins,Joe Ryan,25,P,Pre-Arb,"$570,500",0.08,
Minnesota Twins,Kyle Barraclough,31,RP,Arb 3,"$570,500",0.07,
Minnesota Twins,Nick Vincent,34,RP,Vet,"$570,500",0.06,
Minnesota Twins,Jovani Moran,24,P,Pre-Arb,"$570,500",0.06,Puerto Rico
New York Mets,Francisco Lindor,27,SS,Arb 3,"$22,300,000",11.08,
New York Mets,Marcus Stroman,30,SP,Vet,"$18,900,000",9.39,
New York Mets,Jeurys Familia,31,RP,Vet,"$11,000,000",8.28,Dominican Republic
New York Mets,Michael Conforto,28,RF,Arb 3,"$12,250,000",6.09,
New York Mets,Carlos Carrasco,34,SP,Vet,"$12,000,000",5.96,Venezuela
New York Mets,Taijuan Walker,28,SP,Vet,"$10,000,000",4.97,
New York Mets,Noah Syndergaard,28,SP,Arb 4,"$9,700,000",4.82,
New York Mets,James McCann,31,C,Vet,"$8,000,000",4.05,
New York Mets,Trevor May,31,RP,Vet,"$7,750,000",3.98,
New York Mets,Edwin Diaz,27,RP/CL,Arb 2,"$7,000,000",3.48,
New York Mets,Brandon Nimmo,28,CF,Arb 2,"$4,700,000",2.34,
New York Mets,Kevin Pillar,32,CF,Vet,"$3,600,000",1.79,
New York Mets,Jonathan Villar,30,OF,Vet,"$3,550,000",1.76,Dominican Republic
New York Mets,Aaron Loup,33,RP,Vet,"$3,000,000",1.62,
New York Mets,Seth Lugo,31,RP,Arb 2,"$2,925,000",1.45,
New York Mets,Dominic Smith,26,LF,Arb 1,"$2,550,000",1.27,
New York Mets,Brad Hand,31,RP,Vet,"$10,500,000",0.87,
New York Mets,Miguel Castro,26,RP,Arb 2,"$1,687,500",0.84,Dominican Republic
New York Mets,Robert Gsellman,27,RP,Arb 2,"$1,300,000",0.65,
New York Mets,Rich Hill,41,SP,Vet,"$2,500,000",0.48,
New York Mets,Pete Alonso,26,1B,Pre-Arb,"$676,775",0.34,
New York Mets,Jeff McNeil,29,2B,Pre-Arb,"$642,251",0.32,
New York Mets,Luis Guillorme,26,SS,Pre-Arb,"$580,701",0.29,
New York Mets,Jose Peraza,27,SS,Arb 2,"$575,000",0.25,Venezuela
New York Mets,Heath Hembree,32,RP,Arb 3,"$1,250,000",0.15,
New York Mets,Patrick Mazeika,27,C,Pre-Arb,"$570,500",0.11,
New York Mets,Javier Baez,28,SS,Arb 3,"$11,650,000",0.10,
New York Mets,Trevor Williams,29,SP,Arb 2,"$2,500,000",0.10,
New York Yankees,Gerrit Cole,30,SP,Vet,"$36,000,000",17.50,
New York Yankees,Giancarlo Stanton,31,DH,Vet,"$29,000,000",14.10,
New York Yankees,Aroldis Chapman,33,RP/CL,Vet,"$15,000,000",7.21,Cuba
New York Yankees,Corey Kluber,35,SP,Vet,"$11,000,000",5.35,
New York Yankees,Luis Severino,27,SP,Arb 3,"$10,250,000",5.23,Dominican Republic
New York Yankees,Aaron Judge,29,RF,Arb 2,"$10,175,000",4.95,
New York Yankees,Gary Sanchez,28,C,Arb 2,"$6,350,000",3.09,Dominican Republic
New York Yankees,Giovanny Urshela,29,3B,Arb 1,"$4,650,000",2.26,Colombia
New York Yankees,Gleyber Torres,24,SS,Arb 1,"$4,000,000",1.94,Venezuela
New York Yankees,Brett Gardner,37,LF,Vet,"$1,850,000",1.39,
New York Yankees,Jameson Taillon,29,SP,Arb 2,"$2,250,000",1.09,
New York Yankees,Chad Green,30,RP,Arb 2,"$2,150,000",1.05,
New York Yankees,Jordan Montgomery,28,SP,Arb 2,"$2,130,000",1.04,
New York Yankees,Wandy Peralta,29,RP,Arb 2,"$925,000",0.39,Dominican Republic
New York Yankees,Lucas Luetge,34,RP,Pre-Arb,"$600,000",0.29,
New York Yankees,Jonathan Loaisiga,26,RP,Pre-Arb,"$595,800",0.29,Nicaragua
New York Yankees,Kyle Higashioka,31,C,Pre-Arb,"$594,000",0.29,
New York Yankees,Domingo German,28,SP,Pre-Arb,"$619,675",0.28,Dominican Republic
New York Yankees,Tyler Wade,26,2B,Pre-Arb,"$603,000",0.26,
New York Yankees,Michael King,26,RP,Pre-Arb,"$586,500",0.25,
New York Yankees,Nestor Cortes,26,SP,Pre-Arb,"$570,500",0.19,
New York Yankees,Rob Brantly,31,C,Pre-Arb,"$570,500",0.15,
New York Yankees,Clay Holmes,28,RP,Pre-Arb,"$650,000",0.12,
New York Yankees,Andrew Velazquez,26,3B,Pre-Arb,"$570,500",0.06,
New York Yankees,Greg Allen,28,OF,Pre-Arb,"$570,500",0.03,
New York Yankees,Luis Gil,23,SP,Pre-Arb,"$570,500",0.02,Dominican Republic
New York Yankees,Anthony Rizzo,31,1B,Vet,"$16,500,000",0.00,
New York Yankees,Rougned Odor,27,2B,Vet,"$12,000,000",0.00,Venezuela
New York Yankees,Joey Gallo,27,RF,Arb 2,"$6,200,000",0.00,
New York Yankees,Joely Rodriguez,29,RP,Pre-Arb,"$2,500,000",0.00,Dominican Republic
Oakland Athletics,Mark Canha,32,LF,Arb 3,"$6,925,000",7.66,
Oakland Athletics,Matt Chapman,28,3B,Arb 1,"$6,490,000",7.18,
Oakland Athletics,Sean Manaea,29,SP,Arb 3,"$5,950,000",6.58,
Oakland Athletics,Matt Olson,27,1B,Arb 1,"$5,000,000",5.53,
Oakland Athletics,Chris Bassitt,32,SP,Arb 2,"$4,900,000",5.42,
Oakland Athletics,Jake Diekman,34,RP/CL,Vet,"$4,000,000",4.42,
Oakland Athletics,Yusmeiro Petit,36,RP,Vet,"$2,550,000",3.32,Venezuela
Oakland Athletics,Chad Pinder,29,SS,Arb 2,"$2,275,000",2.52,
Oakland Athletics,Yan Gomes,33,C,Vet,"$6,000,000",2.32,
Oakland Athletics,Sergio Romo,38,RP,Vet,"$2,000,000",2.21,
Oakland Athletics,Frankie Montas,28,SP,Arb 1,"$1,800,000",1.99,Dominican Republic
Oakland Athletics,Tony Kemp,29,2B,Arb 1,"$1,050,000",1.16,
Oakland Athletics,Lou Trivino,29,RP/CL,Arb 1,"$912,500",1.01,
Oakland Athletics,Andrew Chafin,31,RP,Vet,"$2,250,000",0.91,
Oakland Athletics,Sean Murphy,26,C,Pre-Arb,"$575,500",0.64,
Oakland Athletics,Cole Irvin,27,SP,Pre-Arb,"$573,000",0.63,
Oakland Athletics,Deolis Guerra,32,RP,Arb 1,"$570,500",0.60,Venezuela
Oakland Athletics,Seth Brown,28,1B,Pre-Arb,"$570,500",0.60,
Oakland Athletics,James Kaprielian,27,SP,Pre-Arb,"$570,500",0.49,
Oakland Athletics,Josh Harrison,33,2B,Vet,"$1,000,000",0.39,
Oakland Athletics,Skye Bolt,27,CF,Pre-Arb,"$570,500",0.26,
Oakland Athletics,Starling Marte,32,CF,Vet,"$12,500,000",0.23,Dominican Republic
Oakland Athletics,Paul Blackburn,27,RP,Pre-Arb,"$570,500",0.16,
Oakland Athletics,Sam Moll,29,RP,Pre-Arb,"$570,500",0.14,
Oakland Athletics,Khris Davis,33,DH,Vet,"$570,500",0.11,
Oakland Athletics,Domingo Acevedo,27,RP,Pre-Arb,"$570,500",0.11,Dominican Republic
Oakland Athletics,Luis Barrera,25,OF,Pre-Arb,"$570,500",0.05,Dominican Republic
Oakland Athletics,Pete Kozma,33,SS,Arb 1,"$570,500",0.01,United States
Philadelphia Phillies,Bryce Harper,28,RF,Vet,"$26,000,000",14.22,
Philadelphia Phillies,Zack Wheeler,31,SP,Vet,"$22,500,000",11.41,
Philadelphia Phillies,Andrew McCutchen,34,LF,Vet,"$20,000,000",10.14,
Philadelphia Phillies,Jean Segura,31,SS,Vet,"$14,250,000",7.53,Dominican Republic
Philadelphia Phillies,Didi Gregorius,31,SS,Vet,"$12,000,000",6.47,Netherlands
Philadelphia Phillies,Aaron Nola,28,SP,Arb 3,"$11,750,000",6.21,
Philadelphia Phillies,Kyle Gibson,33,SP,Vet,"$10,000,000",5.83,
Philadelphia Phillies,Odubel Herrera,29,CF,Arb 2,"$10,000,000",5.25,Venezuela
Philadelphia Phillies,J.T. Realmuto,30,C,Vet,"$20,000,000",5.07,
Philadelphia Phillies,Hector Neris,32,RP/CL,Arb 3,"$5,000,000",2.55,Dominican Republic
Philadelphia Phillies,Brad Miller,31,2B,Vet,"$3,500,000",1.77,
Philadelphia Phillies,Andrew Knapp,29,C,Arb 2,"$1,100,000",0.56,
Philadelphia Phillies,Jose Alvarado,26,RP,Arb 1,"$1,000,000",0.51,Venezuela
Philadelphia Phillies,Ronald Torreyes,28,2B,Arb 1,"$800,000",0.41,Venezuela
Philadelphia Phillies,Seranthony Dominguez,26,RP,Pre-Arb,"$727,500",0.31,Dominican Republic
Philadelphia Phillies,Sam Coonrod,28,RP,Pre-Arb,"$573,000",0.29,
Philadelphia Phillies,Freddy Galvis,31,SS,Vet,"$1,500,000",0.27,Venezuela
Philadelphia Phillies,Alec Bohm,24,3B,Pre-Arb,"$575,000",0.23,
Philadelphia Phillies,Ranger Suarez,25,SP,Pre-Arb,"$570,500",0.23,Venezuela
Philadelphia Phillies,Travis Jankowski,30,RF,Arb 3,"$570,500",0.20,
Philadelphia Phillies,Bailey Falter,24,RP,Pre-Arb,"$570,500",0.18,
Philadelphia Phillies,Ian Kennedy,36,RP,Vet,"$2,150,000",0.13,
Philadelphia Phillies,Matt Vierling,24,OF,Pre-Arb,"$570,500",0.06,
Philadelphia Phillies,Cam Bedrosian,29,RP,Arb 4,"$570,500",0.05,
Philadelphia Phillies,Cristopher Sanchez,24,P,Pre-Arb,"$570,500",0.05,Dominican Republic
Philadelphia Phillies,Adonis Medina,24,SP,Pre-Arb,"$570,500",0.04,Dominican Republic
Philadelphia Phillies,Hans Crouse,22,P,Pre-Arb,"$570,500",0.01,
Philadelphia Phillies,Kyle Dohy,24,P,Pre-Arb,"$570,500",0.01,
Pittsburgh Pirates,Colin Moran,28,1B,Arb 1,"$2,800,000",5.15,
Pittsburgh Pirates,Chad Kuhl,28,RP,Arb 2,"$2,130,000",3.92,
Pittsburgh Pirates,Jacob Stallings,31,C,Pre-Arb,"$1,300,000",2.39,
Pittsburgh Pirates,Ben Gamel,29,CF,Arb 2,"$1,500,000",2.17,
Pittsburgh Pirates,Chasen Shreve,30,RP,,"$1,500,000",2.15,
Pittsburgh Pirates,Chris Stratton,30,RP,Arb 1,"$1,100,000",2.02,
Pittsburgh Pirates,Wilmer Difo,29,SS,Arb 2,"$1,000,000",1.56,Dominican Republic
Pittsburgh Pirates,Bryan Reynolds,26,LF,Pre-Arb,"$601,000",1.11,
Pittsburgh Pirates,Kevin Newman,27,SS,Pre-Arb,"$598,000",1.10,
Pittsburgh Pirates,Michael Perez,28,C,Pre-Arb,"$591,500",1.09,
Pittsburgh Pirates,David Bednar,26,RP/CL,Pre-Arb,"$579,000",1.07,
Pittsburgh Pirates,Sam Howard,28,RP,Pre-Arb,"$596,000",1.06,
Pittsburgh Pirates,Wil Crowe,26,SP,Pre-Arb,"$574,000",0.89,
Pittsburgh Pirates,Mitch Keller,25,SP,Pre-Arb,"$579,000",0.79,
Pittsburgh Pirates,Kyle Keller,28,RP,Pre-Arb,"$570,500",0.58,
Pittsburgh Pirates,Nick Mears,24,RP,Pre-Arb,"$570,500",0.48,
Pittsburgh Pirates,Anthony Alford,26,CF,Pre-Arb,"$582,000",0.45,
Pittsburgh Pirates,Cody Ponce,27,RP,Pre-Arb,"$580,500",0.44,
Pittsburgh Pirates,Hoy Jun Park,25,2B,Pre-Arb,"$570,500",0.36,"Korea, South"
Pittsburgh Pirates,Cole Tucker,24,SS,Pre-Arb,"$570,500",0.36,
Pittsburgh Pirates,Anthony Banda,27,RP,Pre-Arb,"$570,500",0.34,
Pittsburgh Pirates,Michael Chavis,25,2B,Pre-Arb,"$575,500",0.29,
Pittsburgh Pirates,Yoshitomo Tsutsugo,29,OF,Pre-Arb,"$570,500",0.27,Japan
Pittsburgh Pirates,Shelby Miller,30,RP,Vet,"$570,500",0.18,
Pittsburgh Pirates,Max Kranick,23,SP,Pre-Arb,"$570,500",0.12,
Pittsburgh Pirates,Enyel De Los Santos,25,RP,Pre-Arb,"$570,500",0.11,Dominican Republic
Pittsburgh Pirates,Miguel Yajure,23,SP,Pre-Arb,"$570,500",0.06,Venezuela
Pittsburgh Pirates,Oneil Cruz,22,SS,Pre-Arb,"$570,500",0.01,Dominican Republic
San Diego Padres,Manny Machado,28,3B,Vet,"$30,000,000",17.80,
San Diego Padres,Wil Myers,30,LF,Vet,"$20,000,000",12.52,
San Diego Padres,Eric Hosmer,31,1B,Vet,"$20,000,000",11.68,
San Diego Padres,Tommy Pham,33,LF,Arb 3,"$8,900,000",4.95,
San Diego Padres,Ha-seong Kim,25,SS,Pre-Arb,"$7,000,000",3.89,"Korea, South"
San Diego Padres,Craig Stammen,37,RP,Vet,"$4,000,000",2.50,
San Diego Padres,Joe Musgrove,28,SP,Arb 2,"$4,450,000",2.48,
San Diego Padres,Jurickson Profar,28,LF,Vet,"$3,500,000",2.41,Curacao
San Diego Padres,Dinelson Lamet,28,SP,Arb 1,"$4,200,000",2.34,Dominican Republic
San Diego Padres,Mark Melancon,36,RP/CL,Vet,"$2,000,000",2.23,
San Diego Padres,Daniel Hudson,34,RP,Vet,"$6,000,000",1.17,
San Diego Padres,Pierce Johnson,30,RP,Pre-Arb,"$2,000,000",1.11,
San Diego Padres,Fernando Tatis Jr.,22,SS,Pre-Arb,"$1,000,000",0.95,Dominican Republic
San Diego Padres,Emilio Pagan,30,RP/CL,Arb 1,"$1,570,000",0.87,
San Diego Padres,Victor Caratini,27,C,Arb 1,"$1,300,000",0.72,
San Diego Padres,Tim Hill,31,RP,Pre-Arb,"$596,000",0.33,
San Diego Padres,Trent Grisham,24,CF,Pre-Arb,"$589,200",0.33,
San Diego Padres,Jake Cronenworth,27,2B,Pre-Arb,"$584,900",0.33,
San Diego Padres,Austin Adams,30,RP,Pre-Arb,"$580,200",0.32,
San Diego Padres,Javier Guerra,25,RP,Pre-Arb,"$573,100",0.32,Panama
San Diego Padres,Nabil Crismatt,26,RP,Pre-Arb,"$585,000",0.26,Colombia
San Diego Padres,Jake Marisnick,30,CF,Vet,"$1,000,000",0.19,
San Diego Padres,Adam Frazier,29,2B,Arb 2,"$4,300,000",0.12,
San Diego Padres,Webster Rivas,30,C,Pre-Arb,"$570,500",0.11,Dominican Republic
San Diego Padres,Reiss Knehr,24,P,Pre-Arb,"$570,500",0.05,
San Diego Padres,Ross Detwiler,35,RP,Vet,"$570,500",0.03,
San Diego Padres,James Norwood,27,RP,Pre-Arb,"$570,500",0.03,
San Diego Padres,Vincent Velasquez,29,SP,Vet,"$570,500",0.03,
San Francisco Giants,Buster Posey,34,C,Vet,"$21,400,000",12.92,
San Francisco Giants,Johnny Cueto,35,SP,Vet,"$21,000,000",12.22,Dominican Republic
San Francisco Giants,Kevin Gausman,30,SP,Vet,"$18,900,000",11.00,
San Francisco Giants,Evan Longoria,35,3B,Vet,"$18,500,000",9.60,
San Francisco Giants,Brandon Crawford,34,SS,Vet,"$15,000,000",8.84,
San Francisco Giants,Kris Bryant,29,3B,Arb 4,"$19,500,000",3.96,
San Francisco Giants,Anthony DeSclafani,31,SP,Vet,"$6,000,000",3.56,
San Francisco Giants,Alex Wood,30,SP,Vet,"$3,000,000",2.91,
San Francisco Giants,Donovan Solano,33,2B,Arb 3,"$3,250,000",1.89,Colombia
San Francisco Giants,Wilmer Flores,29,2B,Vet,"$3,000,000",1.75,Venezuela
San Francisco Giants,Alex Dickerson,31,LF,Arb 3,"$2,100,000",1.22,
San Francisco Giants,Tommy La Stella,32,2B,Vet,"$2,000,000",1.16,
San Francisco Giants,Jake McGee,34,RP,Vet,"$2,000,000",1.16,
San Francisco Giants,Curt Casali,32,C,Arb 3,"$1,500,000",1.16,
San Francisco Giants,Darin Ruf,34,1B,Arb 1,"$1,275,000",0.74,
San Francisco Giants,Austin Slater,28,LF,Arb 1,"$1,150,000",0.67,
San Francisco Giants,Jose Alvarez,32,RP,Vet,"$1,050,000",0.61,Venezuela
San Francisco Giants,Jarlin Garcia,28,RP,Arb 1,"$950,000",0.55,Dominican Republic
San Francisco Giants,Mike Yastrzemski,30,RF,Pre-Arb,"$600,000",0.35,
San Francisco Giants,Tyler Rogers,30,RP,Pre-Arb,"$583,000",0.34,
San Francisco Giants,Logan Webb,24,SP,Pre-Arb,"$583,000",0.33,
San Francisco Giants,Zack Littell,25,RP,Pre-Arb,"$570,500",0.26,
San Francisco Giants,LaMonte Wade,27,CF,Pre-Arb,"$570,500",0.24,
San Francisco Giants,Steven Duggar,27,CF,Pre-Arb,"$570,500",0.24,
San Francisco Giants,Dominic Leone,29,RP,Arb 2,"$570,500",0.22,
San Francisco Giants,Camilo Doval,23,RP/CL,Pre-Arb,"$570,500",0.12,Dominican Republic
San Francisco Giants,Jay Jackson,33,RP,Pre-Arb,"$570,500",0.11,
San Francisco Giants,Kervin Castro,22,P,Pre-Arb,"$570,500",0.05,Venezuela
Seattle Mariners,Kyle Seager,33,3B,Vet,"$18,000,000",22.07,
Seattle Mariners,Yusei Kikuchi,30,SP,Pre-Arb,"$15,000,000",19.68,Japan
Seattle Mariners,Marco Gonzales,29,SP,Arb 1,"$5,000,000",6.26,
Seattle Mariners,Mitch Haniger,30,RF,Arb 2,"$3,010,000",3.59,
Seattle Mariners,J.P. Crawford,26,SS,Arb 1,"$2,050,000",2.45,
Seattle Mariners,Chris Flexen,27,SP,Pre-Arb,"$1,400,000",2.03,
Seattle Mariners,Tyler Anderson,31,SP,Vet,"$2,500,000",1.07,
Seattle Mariners,Tom Murphy,30,C,Arb 1,"$875,000",1.04,
Seattle Mariners,Drew Steckenrider,30,RP,Arb 1,"$800,000",0.95,
Seattle Mariners,Casey Sadler,30,RP,Pre-Arb,"$591,800",0.71,
Seattle Mariners,Dylan Moore,28,2B,Pre-Arb,"$590,400",0.70,
Seattle Mariners,Ty France,26,DH,Pre-Arb,"$587,500",0.70,
Seattle Mariners,Anthony Misiewicz,26,RP,Pre-Arb,"$578,700",0.69,
Seattle Mariners,Andres Munoz,22,RP,Pre-Arb,"$575,000",0.69,Mexico
Seattle Mariners,Jake Fraley,26,OF,Pre-Arb,"$572,100",0.68,
Seattle Mariners,Luis Torrens,25,C,Pre-Arb,"$580,700",0.60,Venezuela
Seattle Mariners,Erik Swanson,27,RP,Pre-Arb,"$570,500",0.58,
Seattle Mariners,Logan Gilbert,24,SP,Pre-Arb,"$570,500",0.52,
Seattle Mariners,Paul Sewald,31,RP/CL,Arb 1,"$570,500",0.52,
Seattle Mariners,Jake Bauers,25,1B,Pre-Arb,"$600,000",0.44,
Seattle Mariners,Jarred Kelenic,21,OF,Pre-Arb,"$570,500",0.38,
Seattle Mariners,Sean Doolittle,34,RP,Vet,"$1,500,000",0.37,
Seattle Mariners,Yohan Ramirez,26,RP,Pre-Arb,"$570,500",0.31,Dominican Republic
Seattle Mariners,Cal Raleigh,24,C,Pre-Arb,"$570,500",0.31,
Seattle Mariners,Abraham Toro-Hernandez,24,3B,Pre-Arb,"$570,500",0.25,
Seattle Mariners,Diego Castillo,27,RP/CL,Pre-Arb,"$582,300",0.24,Dominican Republic
Seattle Mariners,Donnie Walton,27,SS,Pre-Arb,"$570,500",0.16,
Seattle Mariners,Matt Brash,23,P,Pre-Arb,"$570,500",0.02,
St Louis Cardinals,Paul Goldschmidt,33,1B,Vet,"$22,000,000",15.16,
St Louis Cardinals,Nolan Arenado,30,3B,Vet,"$35,000,000",12.00,
St Louis Cardinals,Matt Carpenter,35,3B,Vet,"$18,500,000",10.79,
St Louis Cardinals,Miles Mikolas,32,SP,Arb 2,"$15,750,000",9.77,
St Louis Cardinals,Andrew Miller,36,RP,Vet,"$12,000,000",7.00,
St Louis Cardinals,Yadier Molina,38,C,Vet,"$9,000,000",5.25,
St Louis Cardinals,Adam Wainwright,39,SP,Vet,"$8,000,000",4.67,
St Louis Cardinals,Paul DeJong,27,SS,Arb 1,"$4,000,000",2.43,
St Louis Cardinals,Kwang-hyun Kim,32,SP,Pre-Arb,"$4,000,000",2.33,"Korea, South"
St Louis Cardinals,Jack Flaherty,25,SP,Arb 1,"$3,900,000",2.27,
St Louis Cardinals,J.A. Happ,38,SP,Vet,"$8,000,000",1.63,
St Louis Cardinals,Harrison Bader,27,CF,Arb 1,"$2,000,000",1.17,
St Louis Cardinals,Alexander Reyes,26,RP,Arb 1,"$900,000",0.52,Dominican Republic
St Louis Cardinals,Jon Lester,37,SP,Vet,"$2,000,000",0.41,
St Louis Cardinals,Tommy Edman,26,2B,Pre-Arb,"$596,000",0.35,
St Louis Cardinals,Dakota Hudson,26,SP,Pre-Arb,"$595,700",0.35,
St Louis Cardinals,Tyler O'Neill,26,LF,Pre-Arb,"$594,700",0.35,
St Louis Cardinals,Giovanny Gallegos,29,RP/CL,Pre-Arb,"$594,500",0.35,Mexico
St Louis Cardinals,Genesis Cabrera,24,RP,Pre-Arb,"$580,900",0.34,Dominican Republic
St Louis Cardinals,Andrew Knizner,26,C,Pre-Arb,"$579,200",0.34,
St Louis Cardinals,Dylan Carlson,22,LF,Pre-Arb,"$577,100",0.34,
St Louis Cardinals,Edmundo Sosa,25,SS,Pre-Arb,"$575,900",0.34,Panama
St Louis Cardinals,T.J. McFarland,32,RP,Vet,"$1,000,000",0.25,
St Louis Cardinals,Jose Rondon,27,2B,Pre-Arb,"$570,500",0.23,Venezuela
St Louis Cardinals,Jake Woodford,24,RP,Pre-Arb,"$578,300",0.21,
St Louis Cardinals,Kodi Whitley,26,RP,Pre-Arb,"$570,500",0.20,
St Louis Cardinals,Luis Garcia,34,RP,Vet,"$570,500",0.15,Dominican Republic
St Louis Cardinals,Lars Nootbaar,23,OF,Pre-Arb,"$570,500",0.15,
Tampa Bay Rays,Kevin Kiermaier,31,CF,Vet,"$11,500,000",16.47,
Tampa Bay Rays,Nelson Cruz,40,DH,Vet,"$13,000,000",7.20,Dominican Republic
Tampa Bay Rays,Manuel Margot,26,RF,Arb 2,"$3,400,000",4.80,Dominican Republic
Tampa Bay Rays,Michael Wacha,30,SP,Vet,"$3,000,000",4.24,
Tampa Bay Rays,Brandon Lowe,26,2B,Pre-Arb,"$2,500,000",3.53,
Tampa Bay Rays,Ji-Man Choi,30,1B,Arb 1,"$2,450,000",3.46,"Korea, South"
Tampa Bay Rays,Ryan Yarbrough,29,SP,Pre-Arb,"$2,300,000",3.25,
Tampa Bay Rays,Joe Wendle,31,3B,Arb 1,"$2,250,000",3.18,
Tampa Bay Rays,Mike Zunino,30,C,Vet,"$2,000,000",2.82,
Tampa Bay Rays,Collin McHugh,34,RP,Vet,"$1,800,000",2.54,
Tampa Bay Rays,Andrew Kittredge,31,RP/CL,Pre-Arb,"$750,000",1.06,
Tampa Bay Rays,Matt Wisler,28,RP,Arb 2,"$1,150,000",0.99,
Tampa Bay Rays,Austin Meadows,26,DH,Pre-Arb,"$591,400",0.83,
Tampa Bay Rays,Yandy Diaz,29,3B,Pre-Arb,"$588,900",0.83,Cuba
Tampa Bay Rays,Francisco Mejia,25,C,Pre-Arb,"$586,300",0.83,Dominican Republic
Tampa Bay Rays,Brett Phillips,27,RF,Pre-Arb,"$584,400",0.83,
Tampa Bay Rays,Pete Fairbanks,27,RP,Pre-Arb,"$583,800",0.82,
Tampa Bay Rays,Randy Arozarena,26,LF,Pre-Arb,"$581,200",0.82,Cuba
Tampa Bay Rays,Shane McClanahan,24,SP,Pre-Arb,"$570,500",0.68,
Tampa Bay Rays,Josh Fleming,25,SP,Pre-Arb,"$570,500",0.64,
Tampa Bay Rays,J.P. Feyereisen,28,RP,Pre-Arb,"$572,400",0.59,
Tampa Bay Rays,Luis Patino,21,SP,Pre-Arb,"$570,500",0.47,Colombia
Tampa Bay Rays,Drew Rasmussen,25,RP,Pre-Arb,"$573,000",0.45,
Tampa Bay Rays,Wander Franco,20,SS,Pre-Arb,"$570,500",0.45,Dominican Republic
Tampa Bay Rays,J.T. Chargois,30,RP,Pre-Arb,"$570,500",0.28,
Tampa Bay Rays,Chris Mazza,31,RP,Pre-Arb,"$570,500",0.28,United States
Tampa Bay Rays,David Robertson,36,RP/CL,Vet,"$570,500",0.14,
Tampa Bay Rays,Shane Baz,22,SP,Pre-Arb,"$570,500",0.06,
Texas Rangers,Jordan Lyles,30,SP,Vet,"$8,000,000",8.35,
Texas Rangers,Mike Foltynewicz,29,SP,Vet,"$2,000,000",2.09,
Texas Rangers,Isiah Kiner-Falefa,26,SS,Arb 1,"$2,000,000",2.09,
Texas Rangers,Brock Holt,33,2B,Vet,"$1,750,000",1.83,
Texas Rangers,Charlie Culberson,32,2B,Vet,"$1,500,000",1.57,
Texas Rangers,Matt Bush,35,RP,Pre-Arb,"$680,000",0.71,
Texas Rangers,Willie Calhoun,26,DH,Pre-Arb,"$593,000",0.62,
Texas Rangers,Brett Martin,26,RP,Pre-Arb,"$589,500",0.62,
Texas Rangers,Kolby Allard,23,SP,Pre-Arb,"$584,250",0.61,
Texas Rangers,Jose Trevino,28,C,Pre-Arb,"$584,000",0.61,
Texas Rangers,Taylor Hearn,26,RP,Pre-Arb,"$582,500",0.61,
Texas Rangers,Nate Lowe,25,1B,Pre-Arb,"$575,000",0.60,
Texas Rangers,Jonah Heim,26,C,Pre-Arb,"$574,000",0.60,
Texas Rangers,Dane Dunning,26,SP,Pre-Arb,"$572,500",0.60,
Texas Rangers,Josh Sborz,27,RP,Pre-Arb,"$573,500",0.57,
Texas Rangers,Adolis Garcia,28,OF,Pre-Arb,"$575,000",0.56,Cuba
Texas Rangers,Nick Solak,26,3B,Pre-Arb,"$586,000",0.52,
Texas Rangers,Andy Ibanez,28,2B,Pre-Arb,"$570,500",0.39,Cuba
Texas Rangers,Spencer Patton,33,RP,Pre-Arb,"$570,500",0.37,
Texas Rangers,Joe Barlow,25,RP/CL,Pre-Arb,"$570,500",0.33,
Texas Rangers,Dennis Santana,25,RP,Pre-Arb,"$575,000",0.30,Dominican Republic
Texas Rangers,D.J. Peters,25,OF,Pre-Arb,"$575,000",0.28,
Texas Rangers,Leodys Taveras,22,CF,Pre-Arb,"$574,000",0.21,Dominican Republic
Texas Rangers,Drew Anderson,27,SP,Pre-Arb,"$570,500",0.21,
Texas Rangers,Jharel Cotton,29,SP,Pre-Arb,"$570,500",0.21,
Texas Rangers,Spencer Howard,24,SP,Pre-Arb,"$570,500",0.21,
Texas Rangers,Yonny Hernandez,23,SS,Pre-Arb,"$570,500",0.19,Venezuela
Texas Rangers,A.J. Alexy,23,P,Pre-Arb,"$570,500",0.11,
Toronto Blue Jays,George Springer,31,CF,Vet,"$22,000,000",15.76,
Toronto Blue Jays,Hyun-Jin Ryu,34,SP,Vet,"$20,000,000",13.32,"Korea, South"
Toronto Blue Jays,Marcus Semien,30,SS,Vet,"$18,000,000",11.99,
Toronto Blue Jays,Randal Grichuk,29,RF,Vet,"$9,333,333",6.88,
Toronto Blue Jays,Robbie Ray,29,SP,Vet,"$8,000,000",5.33,
Toronto Blue Jays,Steven Matz,30,SP,Arb 3,"$5,200,000",3.46,
Toronto Blue Jays,Teoscar Hernandez,28,DH,Arb 1,"$4,325,000",2.88,Dominican Republic
Toronto Blue Jays,Lourdes Gurriel Jr.,27,LF,Pre-Arb,"$3,500,000",2.62,Cuba
Toronto Blue Jays,Ross Stripling,31,SP,Arb 2,"$3,000,000",2.00,
Toronto Blue Jays,Corey Dickerson,32,LF,Vet,"$9,500,000",1.50,
Toronto Blue Jays,Jose Berrios,27,SP,Arb 2,"$5,600,000",1.30,
Toronto Blue Jays,Vladimir Guerrero Jr.,22,1B,Pre-Arb,"$605,400",0.40,Canada
Toronto Blue Jays,Cavan Biggio,26,2B,Pre-Arb,"$604,000",0.40,
Toronto Blue Jays,Danny Jansen,26,C,Pre-Arb,"$601,800",0.40,
Toronto Blue Jays,Tim Mayza,29,RP,Pre-Arb,"$600,000",0.40,
Toronto Blue Jays,Bo Bichette,23,SS,Pre-Arb,"$587,800",0.39,
Toronto Blue Jays,Jordan Romano,28,RP/CL,Pre-Arb,"$584,000",0.39,
Toronto Blue Jays,Julian Merryweather,29,RP,Pre-Arb,"$578,400",0.39,
Toronto Blue Jays,Alejandro Kirk,22,C,Pre-Arb,"$573,500",0.38,Mexico
Toronto Blue Jays,Santiago Espinal,26,SS,Pre-Arb,"$570,500",0.34,
Toronto Blue Jays,Adam Cimber,30,RP,Arb 1,"$925,000",0.32,
Toronto Blue Jays,Reese McGuire,26,C,Pre-Arb,"$570,500",0.31,
Toronto Blue Jays,Alek Manoah,23,SP,Pre-Arb,"$570,500",0.26,
Toronto Blue Jays,Jarrod Dyson,36,CF,Vet,"$1,500,000",0.20,
Toronto Blue Jays,Trevor Richards,28,RP,Pre-Arb,"$580,900",0.18,
Toronto Blue Jays,Breyvic Valera,29,2B,Pre-Arb,"$570,500",0.16,Venezuela
Toronto Blue Jays,Nate Pearson,24,SP,Pre-Arb,"$577,500",0.13,
Toronto Blue Jays,Jacob Barnes,31,RP,Arb 1,"$750,000",0.11,
Washington Nationals,Patrick Corbin,31,SP,Vet,"$24,000,000",16.91,
Washington Nationals,Juan Soto,22,RF,Arb 1,"$8,500,000",5.89,Dominican Republic
Washington Nationals,Josh Bell,28,1B,Arb 2,"$6,350,000",4.40,
Washington Nationals,Alex Avila,34,C,Vet,"$1,500,000",1.04,
Washington Nationals,Jordy Mercer,34,SS,Vet,"$1,000,000",0.69,
Washington Nationals,Ryan Zimmerman,36,1B,Vet,"$1,000,000",0.69,
Washington Nationals,Yadiel Hernandez,33,OF,Pre-Arb,"$572,600",0.48,Cuba
Washington Nationals,Austin Voth,29,RP,Pre-Arb,"$587,700",0.41,
Washington Nationals,Kyle Finnegan,29,RP,Pre-Arb,"$582,400",0.40,
Washington Nationals,Erick Fedde,28,SP,Pre-Arb,"$575,000",0.40,
Washington Nationals,Josiah Gray,23,SP,Pre-Arb,"$570,500",0.40,
Washington Nationals,Gerardo Parra,34,RF,Vet,"$1,000,000",0.39,Venezuela
Washington Nationals,Andrew Stevenson,27,OF,Pre-Arb,"$579,100",0.36,
Washington Nationals,Paolo Espino,34,RP,Pre-Arb,"$570,500",0.35,
Washington Nationals,Tanner Rainey,28,RP/CL,Pre-Arb,"$589,000",0.31,
Washington Nationals,Ryne Harper,32,RP,Pre-Arb,"$570,500",0.24,
Washington Nationals,Alcides Escobar,34,SS,Vet,"$570,500",0.20,Venezuela
Washington Nationals,Riley Adams,25,C,Pre-Arb,"$570,500",0.19,
Washington Nationals,Andres Machado,28,RP,Pre-Arb,"$570,500",0.18,Venezuela
Washington Nationals,Carter Kieboom,23,3B,Pre-Arb,"$570,500",0.16,
Washington Nationals,Mason Thompson,23,RP,Pre-Arb,"$570,500",0.14,
Washington Nationals,Sean Nolin,31,RP,Arb 3,"$570,500",0.11,
Washington Nationals,Lane Thomas,25,CF,Pre-Arb,"$570,500",0.11,
Washington Nationals,Patrick Murphy,26,SP,Pre-Arb,"$575,000",0.09,
Washington Nationals,Keibert Ruiz,22,C,Pre-Arb,"$570,500",0.07,Venezuela
Washington Nationals,Alberto Baldonado,28,P,Pre-Arb,"$570,500",0.07,Panama
Washington Nationals,Jhon Romero,26,SP,Pre-Arb,"$570,500",0.02,Colombia
Washington Nationals,Joan Adon,22,P,Pre-Arb,"$570,500",0.00,Dominican Republic
